semester,total_enrollment,avg_enrollment,courses_offered
Fall 2020,1975,45.93023255813954,43
Fall 2021,2558,65.58974358974359,39
Fall 2022,2663,61.93023255813954,43
Fall 2023,2567,65.82051282051282,39
Spring 2021,1669,43.921052631578945,38
Spring 2022,2819,67.11904761904762,42
Spring 2023,2252,59.26315789473684,38
Spring 2024,2810,66.9047619047619,42
